Cost_ctr;Posting_date;QTY;Employees_QTY
0;0;1160;11
0;1;3330;13
0;2;1650;12
0;3;1320;18
0;4;1490;6
0;5;2240;19
0;6;1370;6
0;7;60;1
0;8;2807;25
0;9;680;7
0;10;1610;10
0;11;2330;19
0;12;1580;9
0;13;1236;13
0;14;1300;7
0;15;2170;13
0;16;1720;8
0;17;1210;9
0;18;2360;13
0;19;1360;8
0;20;1050;10
0;21;910;9
0;22;1910;12
0;23;1820;5
0;24;190;3
0;25;830;11
0;26;1600;11
0;27;1370;21
0;28;2190;21
0;29;1781;16
0;30;1400;6
0;31;2300;15
0;32;2970;11
0;33;880;8
0;34;1210;7
0;35;1210;11
0;36;1000;5
0;37;1300;10
0;38;2220;14
0;39;2260;10
0;40;1480;7
0;41;1310;14
0;42;60;1
0;43;890;8
0;44;1470;15
0;45;1920;21
0;46;1570;8
0;47;1920;20
0;48;1880;11
0;49;1750;11
0;50;1350;7
0;51;4010;20
0;52;1500;26
0;53;1310;7
0;54;80;1
0;55;1500;10
0;56;3020;12
0;57;1200;15
0;58;2100;20
0;59;1600;11
0;60;2430;18
0;61;1600;13
0;62;2000;12
0;63;1850;23
0;64;3060;15
0;65;1010;9
0;66;4170;21
0;67;1140;9
0;68;2340;13
0;69;1310;10
0;70;1940;8
0;71;250;3
0;72;2070;19
0;73;1410;10
0;74;1730;17
0;75;2130;20
0;76;1590;18
0;77;2300;14
0;78;1836;19
0;79;2270;12
0;80;580;3
0;81;2080;11
0;82;3380;16
0;83;1710;7
0;84;1380;9
0;85;3540;21
0;86;1940;8
0;87;1370;13
0;88;2160;10
0;89;710;9
0;90;2100;21
0;91;1900;11
0;92;1290;13
0;93;2100;20
0;94;1600;11
0;95;2500;21
0;96;2390;11
0;97;2910;9
0;98;820;8
0;99;1680;6
0;100;1400;16
0;101;1890;11
0;102;1370;14
0;103;2500;14
0;104;1120;9
0;105;1820;18
0;106;2380;9
0;107;420;4
0;108;2130;22
0;109;1080;13
0;110;2560;28
0;111;1590;11
0;112;2210;16
0;113;2490;14
0;114;2230;12
0;115;1040;6
0;116;1230;16
0;117;2380;15
0;118;1310;17
0;119;3440;21
0;120;1070;9
0;121;2270;11
0;122;1960;14
0;123;1680;20
0;124;1630;14
0;125;850;7
0;126;1610;19
0;127;2246;22
0;128;1780;17
0;129;1380;10
0;130;2150;11
0;131;2250;9
0;132;2490;10
0;133;2580;14
0;134;1340;14
0;135;3140;13
0;136;1260;10
0;137;2545;14
0;138;960;4
0;139;2200;7
0;140;2010;15
0;141;580;7
0;142;50;1
0;143;1570;13
0;144;2150;22
0;145;1350;16
0;146;1910;18
0;147;760;5
0;148;2270;15
0;149;3370;17
0;150;1390;10
0;151;1910;9
0;152;1400;15
0;153;2030;8
0;154;1800;13
0;155;2460;15
0;156;2140;12
0;157;670;2
0;158;2240;8
0;159;2550;20
0;160;1570;16
0;161;3310;31
0;162;1440;14
0;163;1160;6
0;164;2894;21
0;165;2230;15
0;166;2291;15
0;167;1190;10
0;168;2280;13
0;169;1160;11
0;170;520;3
0;171;1000;7
0;172;1360;7
0;173;2160;11
0;174;1080;12
0;175;1610;4
0;176;2150;20
0;177;1220;7
0;178;1060;8
0;179;2220;24
0;180;1490;8
0;181;3010;18
0;182;3010;18
0;183;1450;13
0;184;2490;13
0;185;1100;10
0;186;3830;21
0;187;1500;13
0;188;2090;7
0;189;1760;8
0;190;1430;17
0;191;2010;17
0;192;420;4
0;193;3150;23
0;194;2280;21
0;195;2210;18
0;196;1848;15
0;197;2420;15
0;198;450;4
0;199;2660;11
0;200;1650;17
0;201;2850;14
0;202;3930;20
0;203;4130;17
0;204;1240;8
0;205;3080;13
0;206;1890;11
0;207;2170;21
0;208;1270;8
0;209;1410;13
0;210;2000;18
0;211;680;4
0;212;1570;18
0;213;2100;29
0;214;2280;15
0;215;2348;16
0;216;2080;14
0;217;2930;15
0;218;340;5
0;219;1480;10
0;220;3595;17
0;221;920;9
0;222;3725;17
0;223;1330;11
0;224;2940;15
0;225;1590;16
0;226;1350;6
0;227;1130;10
0;228;430;5
0;229;1000;8
0;230;1420;12
0;231;2240;21
0;232;2220;21
0;233;600;3
0;234;2230;13
0;235;3020;16
0;236;1420;7
0;237;3245;18
0;238;1660;12
0;239;3210;15
0;240;1110;5
0;241;1610;13
0;242;1490;7
0;243;1140;8
0;244;3100;18
0;245;1060;10
0;246;1160;13
0;247;1780;21
0;248;2190;19
0;249;120;2
0;250;110;1
0;251;400;3
0;252;2510;19
0;253;2700;13
0;254;1210;13
0;255;2285;9
0;256;1310;13
0;257;3570;11
0;258;1660;10
0;259;940;5
0;260;1310;14
0;261;2050;7
0;262;1350;14
0;263;1550;11
0;264;3090;24
0;265;1720;14
0;266;1350;13
0;267;800;5
0;268;3130;16
0;269;1650;12
0;270;1980;10
0;271;1080;10
0;272;2670;11
0;273;1170;11
0;274;5000;21
0;275;1460;15
0;276;3730;18
0;277;1560;7
0;278;1500;10
0;279;1450;7
0;280;60;1
0;281;1130;7
0;282;2140;21
0;283;1420;15
0;284;2200;18
0;285;1770;8
0;286;3098;19
0;287;2130;23
0;288;1350;11
0;289;2490;12
0;290;1660;12
0;291;1390;12
0;292;1300;11
0;293;1890;11
0;294;1550;11
0;295;2020;7
0;296;1490;10
0;297;1580;7
0;298;2520;25
0;299;2230;19
0;300;2860;15
0;301;80;1
0;302;3160;13
0;303;1100;9
0;304;2550;11
0;305;1270;9
0;306;1310;5
0;307;1140;8
0;308;3650;11
0;309;1910;6
0;310;1450;12
0;311;2230;16
0;312;1500;13
0;313;2210;18
0;314;1210;7
0;315;2190;18
0;316;2780;24
0;317;1400;6
0;318;2270;14
0;319;1700;12
0;320;2370;13
0;321;2640;13
0;322;1050;11
0;323;2660;13
0;324;1460;12
0;325;2320;19
0;326;1520;8
0;327;1350;12
0;328;2000;20
0;329;1580;12
0;330;950;5
0;331;1300;9
0;332;2070;13
0;333;2360;14
0;334;2100;14
0;335;850;5
0;336;1930;16
0;337;1360;9
0;338;150;2
0;339;4240;16
0;340;1300;10
0;341;2370;11
0;342;2250;19
0;343;2280;10
0;344;1510;10
0;345;1510;15
0;346;1790;17
0;347;1375;17
0;348;3220;17
0;349;2320;14
0;350;2640;14
0;351;2360;13
0;352;1300;10
0;353;3700;13
0;354;1770;15
0;355;1820;8
0;356;1210;15
0;357;2430;11
0;358;1830;17
0;359;1170;5
0;360;1370;20
0;361;1260;12
0;362;2170;17
0;363;1320;17
0;364;1100;8
0;365;2130;26
0;366;2330;16
0;367;2770;11
0;368;2540;18
0;369;3260;16
0;370;1290;11
0;371;3620;15
0;372;1690;11
0;373;2510;17
0;374;1620;11
0;375;1790;8
0;376;1830;10
0;377;2330;6
0;378;1360;12
0;379;930;8
0;380;1520;12
0;381;2275;20
0;382;940;14
0;383;1900;15
0;384;2280;12
0;385;1760;10
0;386;1590;13
0;387;870;8
0;388;3380;13
0;389;1330;13
0;390;3710;34
0;391;1680;16
0;392;2340;10
0;393;2600;12
0;394;1250;9
0;395;2050;9
0;396;2110;19
0;397;120;1
0;398;1310;14
0;399;2610;18
0;400;1540;14
0;401;2610;15
0;402;2310;15
0;403;510;7
0;404;530;4
0;405;3340;16
0;406;1260;11
0;407;1300;8
0;408;790;11
0;409;2400;9
0;410;1520;17
0;411;3300;9
0;412;1160;13
0;413;1700;8
0;414;2280;17
0;415;2130;18
0;416;2650;14
0;417;2420;15
0;418;1670;8
0;419;1780;18
0;420;3250;17
0;421;1010;10
0;422;2420;14
0;423;1680;12
0;424;1380;5
0;425;2560;7
0;426;1460;14
0;427;2485;23
0;428;1760;8
0;429;2190;18
0;430;1440;12
0;431;2220;21
0;432;2740;13
0;433;2390;15
0;434;1290;16
0;435;3370;19
0;436;3470;21
0;437;2670;15
0;438;1600;11
0;439;1940;7
0;440;2190;24
0;441;1360;20
0;442;1540;4
0;443;1400;12
0;444;790;8
0;445;1620;13
0;446;1520;15
0;447;1590;7
0;448;2180;21
0;449;2410;17
0;450;1270;12
0;451;2330;14
0;452;1380;19
0;453;2730;13
0;454;1370;14
0;455;1180;7
0;456;2180;17
0;457;1820;6
0;458;1200;14
0;459;1720;15
0;460;1500;16
0;461;1090;10
0;462;2020;20
0;463;2510;16
0;464;2430;14
0;465;1380;19
0;466;3320;15
0;467;1790;19
0;468;2110;7
0;469;2060;20
0;470;2360;6
0;471;1420;9
0;472;2280;17
0;473;2330;20
0;474;1520;13
0;475;360;3
0;476;2530;23
0;477;2140;17
0;478;2620;10
0;479;3070;14
0;480;1170;18
0;481;1950;9
0;482;1890;25
0;483;2350;10
0;484;2110;24
0;485;1130;4
0;486;1580;11
0;487;1830;13
0;488;2240;23
0;489;1380;13
0;490;1380;13
0;491;2370;14
0;492;2670;12
0;493;1250;13
0;494;3340;16
0;495;1380;18
0;496;2930;13
0;497;2140;19
0;498;2590;11
0;499;80;1
0;500;1580;11
0;501;2205;17
0;502;2000;12
1;503;4545;41
1;504;8457;42
1;505;4822;30
1;506;2492;29
1;507;3453;17
1;508;2920;34
1;509;6021;25
1;510;1090;8
1;511;4496;34
1;512;4551;35
1;513;5554;37
1;514;6004;55
1;515;3415;31
1;516;2745;24
1;517;5865;47
1;518;7594;49
1;519;5830;35
1;520;6147;36
1;521;3979;32
1;522;9371;53
1;523;4965;32
1;524;6167;30
1;525;3105;10
1;526;3352;23
1;527;449;1
1;528;3812;37
1;529;7150;29
1;530;1739;14
1;531;1964;13
1;532;4493;43
1;533;5798;40
1;534;5686;50
1;535;6897;57
1;536;2382;16
1;537;5243;47
1;538;7975;40
1;539;6164;39
1;540;3576;21
1;541;2955;18
1;542;1700;11
1;543;3946;43
1;544;10929;50
1;545;6964;37
1;546;5236;30
1;547;8246;39
1;548;2933;30
1;549;1266;4
1;550;4166;41
1;551;2144;12
1;552;580;5
1;553;3655;39
1;554;5305;40
1;555;6054;47
1;556;3638;32
1;557;3392;25
1;558;5391;47
1;559;8584;34
1;560;5268;34
1;561;909;5
1;562;4670;29
1;563;5160;39
1;564;4122;29
1;565;3693;21
1;566;6978;43
1;567;1519;12
1;568;5273;41
1;569;6859;48
1;570;4836;35
1;571;431;2
1;572;1111;14
1;573;510;4
1;574;4990;45
1;575;5434;44
1;576;8031;56
1;577;857;5
1;578;4998;45
1;579;5690;41
1;580;4991;45
1;581;7709;42
1;582;1364;10
1;583;4806;29
1;584;7539;51
1;585;50;1
1;586;1248;10
1;587;4875;43
1;588;10526;52
1;589;4073;33
1;590;521;3
1;591;9480;47
1;592;1429;10
1;593;6631;64
1;594;5340;50
1;595;4113;38
1;596;4936;51
1;597;5010;39
1;598;5982;48
1;599;5134;43
1;600;2687;15
1;601;4549;24
1;602;6027;37
1;603;7915;44
1;604;7959;43
1;605;6260;32
1;606;3903;37
1;607;9778;58
1;608;4229;25
1;609;4616;31
1;610;9208;34
1;611;1853;14
1;612;6466;48
1;613;4184;33
1;614;3138;30
1;615;4770;40
1;616;5864;53
1;617;5207;40
1;618;6835;58
1;619;990;8
1;620;5978;31
1;621;6480;37
1;622;6030;43
1;623;2136;14
1;624;4009;35
1;625;7959;38
1;626;6338;32
1;627;9343;46
1;628;4878;42
1;629;1004;11
1;630;4612;41
1;631;6614;30
1;632;1186;14
1;633;6103;46
1;634;3177;20
1;635;5202;47
1;636;5907;52
1;637;4160;32
1;638;5516;40
1;639;7187;34
1;640;6464;45
1;641;6863;36
1;642;2237;10
1;643;3079;38
1;644;8105;42
1;645;8133;47
1;646;8208;45
1;647;4820;30
1;648;8660;49
1;649;4981;51
1;650;4514;21
1;651;1589;16
1;652;5947;52
1;653;4915;45
1;654;4441;39
1;655;7887;67
1;656;5320;38
1;657;3625;20
1;658;5086;39
1;659;8127;39
1;660;4864;30
1;661;7198;44
1;662;5463;33
1;663;4394;37
1;664;6286;38
1;665;8572;52
1;666;8694;42
1;667;2836;19
1;668;4864;34
1;669;13783;67
1;670;4147;43
1;671;839;8
1;672;3834;29
1;673;5355;34
1;674;6625;62
1;675;6082;48
1;676;5296;38
1;677;200;1
1;678;5806;53
1;679;7639;35
1;680;5958;38
1;681;5513;25
1;682;5376;41
1;683;7365;51
1;684;4049;38
1;685;5163;25
1;686;5939;56
1;687;10624;46
1;688;11620;65
1;689;4537;28
1;690;13447;71
1;691;3570;33
1;692;5050;36
1;693;5870;61
1;694;2342;21
1;695;6371;41
1;696;4981;49
1;697;8103;39
1;698;4029;29
1;699;2412;17
1;700;3666;30
1;701;8201;48
1;702;3886;40
1;703;2608;12
1;704;6141;58
1;705;5625;26
1;706;3444;25
1;707;10476;45
1;708;4649;31
1;709;10966;61
1;710;2453;23
1;711;4903;48
1;712;4658;26
1;713;5464;51
1;714;4511;32
1;715;6320;41
1;716;4658;48
1;717;6167;31
1;718;5138;33
1;719;11318;65
1;720;148;3
1;721;1480;5
1;722;2160;13
1;723;3216;24
1;724;9177;49
1;725;4653;39
1;726;10285;52
1;727;6774;27
1;728;658;8
1;729;6513;59
1;730;5705;33
1;731;5640;48
1;732;4870;44
1;733;5593;37
1;734;7536;41
1;735;5386;43
1;736;2162;10
1;737;5518;28
1;738;3878;25
1;739;8041;45
1;740;10161;45
1;741;10802;59
1;742;5230;27
1;743;13481;64
1;744;4766;31
1;745;5107;20
1;746;3698;28
1;747;5833;24
1;748;4085;34
1;749;5563;49
1;750;5210;43
1;751;2984;23
1;752;6331;50
1;753;5672;56
1;754;4951;43
1;755;6576;38
1;756;2566;20
1;757;6858;42
1;758;6729;26
1;759;5423;35
1;760;247;1
1;761;3550;28
1;762;7966;32
1;763;4904;29
1;764;11585;68
1;765;5971;29
1;766;8454;49
1;767;365;1
1;768;4765;44
1;769;9757;43
1;770;3965;34
1;771;5885;53
1;772;405;3
1;773;5964;54
1;774;5305;51
1;775;5406;42
1;776;3454;18
1;777;7369;45
1;778;9231;47
1;779;2047;7
1;780;3989;40
1;781;7077;35
1;782;5111;41
1;783;11253;62
1;784;5234;30
1;785;9054;44
1;786;4135;38
1;787;7769;30
1;788;3788;42
1;789;5586;59
1;790;6169;61
1;791;5891;52
1;792;7462;61
1;793;6279;57
1;794;4491;47
1;795;6614;39
1;796;7865;45
1;797;9404;55
1;798;3988;32
1;799;7914;42
1;800;4962;36
1;801;10505;46
1;802;4030;28
1;803;11295;61
1;804;4244;33
1;805;7015;36
1;806;3423;36
1;807;3097;35
1;808;4843;34
1;809;5321;48
1;810;6231;51
1;811;9564;90
1;812;631;6
1;813;5707;41
1;814;5203;25
1;815;6359;41
1;816;8785;38
1;817;2178;20
1;818;9708;51
1;819;4023;25
1;820;8850;42
1;821;4184;28
1;822;11870;64
1;823;4550;21
1;824;4892;26
1;825;11051;56
1;826;1572;8
1;827;5739;29
1;828;506;4
1;829;4911;33
1;830;5159;51
1;831;6616;55
1;832;2416;20
1;833;5592;37
1;834;5106;46
1;835;5035;34
1;836;6410;34
1;837;4788;15
1;838;6142;47
1;839;9694;46
1;840;4083;33
1;841;3382;13
1;842;3033;24
1;843;3036;19
1;844;4618;26
1;845;9085;44
1;846;4638;28
1;847;9495;46
1;848;5732;47
1;849;5522;36
1;850;5349;44
1;851;2313;10
1;852;5359;43
1;853;5153;38
1;854;5209;38
1;855;7080;39
1;856;631;5
1;857;5415;40
1;858;9753;47
1;859;360;2
1;860;669;7
1;861;490;2
1;862;5397;41
1;863;8693;56
1;864;5018;27
1;865;9956;59
1;866;6708;35
1;867;3358;30
1;868;6755;68
1;869;5871;38
1;870;6073;54
1;871;6983;60
1;872;5921;47
1;873;6454;42
1;874;5789;36
1;875;2188;12
1;876;2360;11
1;877;5761;43
1;878;4808;27
1;879;10246;55
1;880;4241;28
1;881;8429;45
1;882;4841;29
1;883;5533;23
1;884;5502;48
1;885;6569;38
1;886;3918;36
1;887;6530;62
1;888;5170;32
1;889;3190;30
1;890;5156;49
1;891;6780;69
1;892;5473;48
1;893;7493;39
1;894;1193;8
1;895;5934;39
1;896;8429;45
1;897;5490;43
1;898;3299;17
1;899;4587;37
1;900;3774;35
1;901;8712;61
1;902;4771;31
1;903;10015;54
1;904;418;6
1;905;6136;51
1;906;7828;44
1;907;5315;37
1;908;6918;61
1;909;1550;11
1;910;4208;32
1;911;7356;63
1;912;5940;39
1;913;5521;39
1;914;6497;37
1;915;5381;34
1;916;515;3
1;917;3670;32
1;918;10739;49
1;919;4657;35
1;920;6748;36
1;921;4097;24
1;922;4869;35
1;923;6617;30
1;924;4365;39
1;925;5849;36
1;926;5284;44
1;927;6692;52
1;928;5555;51
1;929;4288;34
1;930;8398;75
1;931;6550;64
1;932;3988;17
1;933;5065;35
1;934;6676;33
1;935;5432;42
1;936;6982;40
1;937;6677;47
1;938;7967;45
1;939;2653;25
1;940;8675;47
1;941;2394;12
1;942;4982;32
1;943;10534;51
1;944;5485;41
1;945;8994;54
1;946;3479;34
1;947;3073;25
1;948;5325;29
1;949;7398;76
1;950;4922;42
1;951;6453;70
1;952;900;8
1;953;5823;43
1;954;6197;30
1;955;3919;25
1;956;5694;47
1;957;7237;40
1;958;6346;40
1;959;6148;36
1;960;3017;26
1;961;5138;41
1;962;9623;44
1;963;4274;32
1;964;10118;47
1;965;5419;40
1;966;4768;22
1;967;419;3
1;968;4297;22
1;969;7193;71
1;970;4849;32
1;971;2613;25
1;972;7576;41
1;973;6295;48
1;974;5638;34
1;975;5444;45
1;976;7727;44
1;977;5856;34
1;978;2476;11
1;979;5437;29
1;980;5917;33
1;981;3764;29
1;982;7797;45
1;983;4219;25
1;984;9426;47
1;985;1785;18
1;986;6021;46
1;987;5423;38
1;988;6075;63
1;989;1354;8
1;990;6318;45
1;991;7302;48
1;992;6366;50
1;993;6213;40
1;994;5417;49
1;995;8894;42
1;996;3990;22
1;997;1299;9
1;998;4136;27
1;999;11988;59
1;1000;4928;35
1;1001;10705;57
1;1002;6697;27
1;1003;4020;31
1;1004;5268;42
1;1005;5645;38
1;1006;4140;43
1;1007;5355;47
1;1008;5988;45
1;1009;6232;41
1;1010;5907;36
1;1011;2521;16
1;1012;4819;30
1;1013;6564;37
1;1014;8413;38
1;1015;8719;44
1;1016;4600;35
1;1017;10004;57
1;1018;3664;27
1;1019;6323;30
1;1020;7132;67
1;1021;7648;43
1;1022;5442;40
1;1023;5408;41
1;1024;6064;40
1;1025;3232;34
1;1026;5302;37
1;1027;7781;61
1;1028;6446;46
1;1029;6081;37
1;1030;3032;27
1;1031;4609;36
1;1032;4680;25
1;1033;5542;26
1;1034;3926;34
1;1035;9372;40
1;1036;4946;40
1;1037;9419;46
1;1038;707;6
1;1039;5393;42
1;1040;9051;44
1;1041;5094;39
1;1042;5439;50
1;1043;1809;12
1;1044;5388;53
1;1045;6350;49
1;1046;6210;44
1;1047;7219;45
1;1048;5520;24
1;1049;677;9
1;1050;3303;30
1;1051;9993;59
1;1052;2825;19
1;1053;1323;8
1;1054;7182;42
1;1055;5293;45
1;1056;6551;29
1;1057;5394;49
1;1058;4390;40
1;1059;7184;68
1;1060;4931;45
1;1061;5672;36
1;1062;5514;50
1;1063;2913;18
1;1064;5983;48
1;1065;6438;40
1;1066;8418;54
1;1067;4530;32
1;1068;9147;60
1;1069;1184;10
1;1070;2947;26
1;1071;8495;39
1;1072;4365;52
1;1073;6950;29
1;1074;4568;48
1;1075;877;8
1;1076;5336;39
1;1077;7138;56
1;1078;4508;41
1;1079;5152;41
1;1080;1336;11
1;1081;5836;37
1;1082;7968;41
1;1083;3785;27
1;1084;7797;42
1;1085;3887;39
1;1086;6921;50
1;1087;3708;32
1;1088;8857;39
1;1089;190;1
1;1090;3913;29
1;1091;5849;48
1;1092;6334;40
2;1093;24526;121
2;1094;30808;139
2;1095;26529;157
2;1096;27260;148
2;1097;23709;118
2;1098;300;1
2;1099;32609;181
2;1100;27358;131
2;1101;8050;60
2;1102;30823;231
2;1103;31314;237
2;1104;24008;143
2;1105;27537;283
2;1106;29735;156
2;1107;26403;148
2;1108;19807;136
2;1109;24729;114
2;1110;20920;130
2;1111;35132;155
2;1112;22331;115
2;1113;28017;124
2;1114;16170;90
2;1115;30520;163
2;1116;24391;134
2;1117;1620;8
2;1118;27146;146
2;1119;6033;25
2;1120;32479;187
2;1121;27597;145
2;1122;12396;82
2;1123;22224;166
2;1124;16407;95
2;1125;32306;245
2;1126;23094;168
2;1127;32734;292
2;1128;15159;100
2;1129;16411;103
2;1130;23163;120
2;1131;19768;120
2;1132;23612;119
2;1133;14769;76
2;1134;18075;96
2;1135;23723;122
2;1136;28898;150
2;1137;24908;130
2;1138;30719;163
2;1139;28199;129
2;1140;26496;132
2;1141;7896;34
2;1142;26166;146
2;1143;24633;122
2;1144;8752;66
2;1145;2324;16
2;1146;19861;105
2;1147;36452;289
2;1148;22080;158
2;1149;28068;232
2;1150;25725;141
2;1151;23769;156
2;1152;25746;141
2;1153;21741;147
2;1154;26353;120
2;1155;21240;110
2;1156;28350;129
2;1157;20891;120
2;1158;26297;121
2;1159;25412;135
2;1160;22109;141
2;1161;26291;132
2;1162;33198;166
2;1163;29119;147
2;1164;5518;26
2;1165;22314;133
2;1166;25296;195
2;1167;18938;113
2;1168;40435;303
2;1169;17294;126
2;1170;23677;179
2;1171;30348;167
2;1172;27429;178
2;1173;29171;149
2;1174;16044;90
2;1175;20998;103
2;1176;24219;122
2;1177;12868;75
2;1178;20121;111
2;1179;30214;145
2;1180;31515;155
2;1181;25355;136
2;1182;6123;29
2;1183;30635;152
2;1184;12843;90
2;1185;30237;214
2;1186;17645;108
2;1187;35860;281
2;1188;37586;320
2;1189;23215;167
2;1190;29991;159
2;1191;27318;147
2;1192;21386;106
2;1193;22783;109
2;1194;20526;101
2;1195;27306;132
2;1196;27196;134
2;1197;28532;169
2;1198;29806;151
2;1199;30151;150
2;1200;21630;114
2;1201;27428;184
2;1202;30090;131
2;1203;14462;126
2;1204;31629;239
2;1205;22857;128
2;1206;26828;180
2;1207;18706;156
2;1208;32218;264
2;1209;21371;150
2;1210;32386;183
2;1211;17516;100
2;1212;18902;120
2;1213;26667;124
2;1214;19430;90
2;1215;20313;89
2;1216;16858;87
2;1217;26419;142
2;1218;20456;107
2;1219;25075;151
2;1220;23315;127
2;1221;13890;73
2;1222;19073;114
2;1223;32069;212
2;1224;27545;128
2;1225;17226;134
2;1226;32001;232
2;1227;15287;86
2;1228;17982;161
2;1229;32776;259
2;1230;18589;144
2;1231;30774;166
2;1232;36395;161
2;1233;27694;156
2;1234;26264;127
2;1235;13018;73
2;1236;26592;142
2;1237;28167;139
2;1238;21818;117
2;1239;23412;132
2;1240;30517;169
2;1241;3350;22
2;1242;30997;139
2;1243;28003;210
2;1244;15476;80
2;1245;13866;106
2;1246;30376;215
2;1247;36820;259
2;1248;20745;176
2;1249;36590;325
2;1250;18242;121
2;1251;32704;189
2;1252;20871;121
2;1253;38587;195
2;1254;13107;74
2;1255;28565;145
2;1256;27951;140
2;1257;25128;125
2;1258;23193;126
2;1259;26301;149
2;1260;21044;120
2;1261;18236;104
2;1262;27037;141
2;1263;38373;165
2;1264;31767;227
2;1265;15860;75
2;1266;10296;96
2;1267;21760;172
2;1268;18763;114
2;1269;38475;282
2;1270;21470;184
2;1271;31810;288
2;1272;3970;23
2;1273;21754;119
2;1274;37079;196
2;1275;17258;107
2;1276;20389;103
2;1277;22228;114
2;1278;30079;146
2;1279;29125;153
2;1280;25190;121
2;1281;21855;112
2;1282;25682;138
2;1283;31143;165
2;1284;27205;156
2;1285;39136;178
2;1286;34829;241
2;1287;17380;89
2;1288;1310;6
2;1289;16052;112
2;1290;37759;267
2;1291;16437;131
2;1292;4326;31
2;1293;31733;178
2;1294;22460;119
2;1295;37472;189
2;1296;25888;127
2;1297;18619;95
2;1298;26055;131
2;1299;29277;142
2;1300;23337;122
2;1301;21601;108
2;1302;22427;117
2;1303;20790;114
2;1304;21732;121
2;1305;28933;148
2;1306;23541;147
2;1307;37631;173
2;1308;26193;167
2;1309;26741;203
2;1310;17361;105
2;1311;39545;284
2;1312;26340;187
2;1313;34301;159
2;1314;19968;109
2;1315;37815;192
2;1316;20626;115
2;1317;18911;95
2;1318;29181;146
2;1319;16774;75
2;1320;18347;87
2;1321;660;2
2;1322;25170;132
2;1323;25523;126
2;1324;32703;177
2;1325;32491;154
2;1326;31514;167
2;1327;15402;125
2;1328;26086;174
2;1329;20903;146
2;1330;36240;271
2;1331;29936;296
2;1332;22328;138
2;1333;36399;191
2;1334;22413;124
2;1335;23657;109
2;1336;24289;132
2;1337;22756;126
2;1338;25149;129
2;1339;24993;131
2;1340;22106;131
2;1341;29499;153
2;1342;34903;170
2;1343;30070;164
2;1344;21489;92
2;1345;29796;209
2;1346;36381;161
2;1347;21265;154
2;1348;32020;214
2;1349;18370;118
2;1350;30981;211
2;1351;16156;120
2;1352;32680;315
2;1353;17427;122
2;1354;33667;185
2;1355;14744;94
2;1356;24153;149
2;1357;33947;149
2;1358;20925;116
2;1359;20457;104
2;1360;19786;89
2;1361;20015;95
2;1362;19188;106
2;1363;24239;104
2;1364;29951;156
2;1365;30241;160
2;1366;22530;110
2;1367;31373;232
2;1368;28765;140
2;1369;19228;148
2;1370;26358;195
2;1371;15234;90
2;1372;21787;152
2;1373;32010;255
2;1374;20730;147
2;1375;26551;129
2;1376;2203;10
2;1377;25859;151
2;1378;35629;160
2;1379;18470;113
2;1380;29323;133
2;1381;22050;112
2;1382;26377;144
2;1383;28525;132
2;1384;10269;56
2;1385;20796;107
2;1386;26566;120
2;1387;34406;264
2;1388;31152;161
2;1389;21396;137
2;1390;29520;226
2;1391;37201;259
2;1392;21410;143
2;1393;28636;241
2;1394;22291;137
2;1395;2000;14
2;1396;5276;25
2;1397;1361;5
2;1398;27074;136
2;1399;30370;151
2;1400;25154;123
2;1401;21170;105
2;1402;21376;105
2;1403;28804;139
2;1404;29780;135
2;1405;4140;17
2;1406;2980;13
2;1407;24650;132
2;1408;29893;132
2;1409;27147;226
2;1410;28190;140
2;1411;18628;134
2;1412;22977;152
2;1413;18623;119
2;1414;32375;230
2;1415;20284;146
2;1416;29997;258
2;1417;13051;74
2;1418;16673;97
2;1419;29663;139
2;1420;28756;145
2;1421;27209;142
2;1422;19399;98
2;1423;29837;133
2;1424;27862;150
2;1425;29612;148
2;1426;25400;140
2;1427;25551;115
2;1428;26975;126
2;1429;29601;163
2;1430;37179;180
2;1431;19584;145
2;1432;20861;101
2;1433;15141;113
2;1434;21110;129
2;1435;34547;259
2;1436;20605;146
2;1437;26592;206
2;1438;30435;167
2;1439;28102;168
2;1440;31537;149
2;1441;22693;120
2;1442;17259;97
2;1443;19186;98
2;1444;31000;136
2;1445;25336;117
2;1446;19385;104
2;1447;26205;122
2;1448;19731;100
2;1449;33802;175
2;1450;30767;162
2;1451;35089;174
2;1452;33292;172
2;1453;510;3
2;1454;31467;221
2;1455;17850;124
2;1456;35444;280
2;1457;12238;104
2;1458;23629;171
2;1459;35903;177
2;1460;26375;151
2;1461;32508;162
2;1462;20274;99
2;1463;20956;108
2;1464;25230;114
2;1465;15516;71
2;1466;21862;107
2;1467;2430;10
2;1468;28942;146
2;1469;25366;122
2;1470;27678;153
2;1471;32376;167
2;1472;25202;133
2;1473;18219;120
2;1474;26465;204
2;1475;15920;110
2;1476;34652;253
2;1477;32177;257
2;1478;19905;129
2;1479;31129;148
2;1480;22075;126
2;1481;18878;96
2;1482;26592;136
2;1483;22361;120
2;1484;28342;120
2;1485;20773;98
2;1486;32427;159
2;1487;26090;118
2;1488;18184;107
2;1489;23455;115
2;1490;26138;196
2;1491;23570;121
2;1492;17392;104
2;1493;30851;218
2;1494;19943;138
2;1495;25692;194
2;1496;19349;142
2;1497;35006;240
2;1498;21660;129
2;1499;32471;163
2;1500;9106;57
2;1501;22708;117
2;1502;30384;143
2;1503;21153;113
2;1504;26150;110
2;1505;18184;94
2;1506;21128;99
2;1507;23605;117
2;1508;31950;165
2;1509;27888;127
2;1510;21848;125
2;1511;520;2
2;1512;24495;192
2;1513;23278;120
2;1514;18633;108
2;1515;34436;239
2;1516;16592;104
2;1517;23114;163
2;1518;30087;254
2;1519;23392;141
2;1520;29658;161
2;1521;27339;134
2;1522;21549;104
2;1523;6975;35
2;1524;17036;82
2;1525;20626;103
2;1526;18292;102
2;1527;26688;135
2;1528;25555;124
2;1529;29213;159
2;1530;25026;114
2;1531;25478;146
2;1532;23248;180
2;1533;20834;105
2;1534;16773;98
2;1535;31625;220
2;1536;31817;252
2;1537;23309;177
2;1538;35813;290
2;1539;20553;123
2;1540;24519;123
2;1541;22406;128
2;1542;28479;137
2;1543;14687;75
2;1544;10438;54
2;1545;29332;128
2;1546;23943;110
2;1547;21964;123
2;1548;30215;153
2;1549;27873;133
2;1550;28811;146
2;1551;1390;5
2;1552;23495;142
2;1553;31161;158
2;1554;27588;208
2;1555;22248;101
2;1556;23129;136
2;1557;24268;200
2;1558;15317;92
2;1559;34442;269
2;1560;25340;200
2;1561;36998;289
2;1562;13187;86
2;1563;23598;129
2;1564;27806;134
2;1565;11023;53
2;1566;13732;62
2;1567;20112;93
2;1568;29754;129
2;1569;21760;116
2;1570;23909;129
2;1571;35379;167
2;1572;21548;117
2;1573;31314;135
2;1574;31340;167
2;1575;30655;168
2;1576;31241;242
2;1577;19634;86
2;1578;14535;99
2;1579;18922;97
2;1580;34132;291
2;1581;23400;178
2;1582;30772;204
2;1583;32861;165
2;1584;20584;139
2;1585;25471;117
2;1586;810;3
2;1587;20491;104
2;1588;28376;128
2;1589;22534;115
2;1590;17353;102
2;1591;36881;185
2;1592;20238;106
2;1593;29580;150
2;1594;33949;162
2;1595;32728;181
2;1596;36311;198
2;1597;21089;157
2;1598;28956;218
2;1599;24115;143
2;1600;37883;307
2;1601;17357;120
2;1602;25380;151
2;1603;36863;180
2;1604;21707;129
2;1605;28263;122
2;1606;22303;114
2;1607;25247;112
2;1608;15984;76
2;1609;25637;120
2;1610;810;6
2;1611;32429;156
2;1612;33197;159
2;1613;33111;181
2;1614;38899;190
2;1615;3217;24
2;1616;17842;82
2;1617;18474;107
2;1618;30419;216
2;1619;24496;135
2;1620;37381;313
2;1621;34548;218
2;1622;25123;139
2;1623;37911;168
2;1624;22508;146
2;1625;21939;103
2;1626;9331;40
2;1627;23828;144
2;1628;28089;119
2;1629;11438;60
2;1630;20418;99
2;1631;36798;183
2;1632;36169;176
2;1633;34139;190
2;1634;29830;166
2;1635;25208;186
2;1636;17692;83
2;1637;23788;126
2;1638;31256;220
2;1639;25994;158
2;1640;29051;241
2;1641;20315;145
2;1642;32952;183
2;1643;26626;132
2;1644;31594;159
2;1645;15882;92
2;1646;9305;52
2;1647;20693;119
2;1648;22732;93
2;1649;19593;123
2;1650;27398;141
2;1651;22674;112
2;1652;28102;152
2;1653;37241;174
2;1654;28430;159
2;1655;1285;5
2;1656;24805;193
2;1657;17752;87
2;1658;19757;109
2;1659;32879;246
2;1660;18449;123
2;1661;29957;171
2;1662;32531;192
2;1663;24301;135
2;1664;33609;148
2;1665;22145;101
2;1666;9327;50
2;1667;19077;107
2;1668;26100;127
2;1669;29592;141
2;1670;28391;158
2;1671;25223;121
2;1672;28947;145
2;1673;30321;235
2;1674;16778;94
2;1675;17662;102
2;1676;33331;252
2;1677;30290;275
2;1678;22739;166
2;1679;33290;189
2;1680;21238;120
2;1681;23723;115
2;1682;19069;124
2;1683;29134;134
2;1684;9808;68
2;1685;27669;121
2;1686;27644;154
2;1687;29354;148
2;1688;23498;123
2;1689;1500;5
2;1690;31151;161
2;1691;24007;126
2;1692;36845;261
2;1693;21335;103
2;1694;13893;73
2;1695;21619;159
2;1696;23709;149
2;1697;31202;288
2;1698;25640;169
2;1699;35344;227
2;1700;13287;74
2;1701;22716;134
2;1702;30091;154
2;1703;8929;44
2;1704;26478;133
2;1705;30615;140
2;1706;28576;158
2;1707;27641;137
2;1708;34264;186
2;1709;29057;138
2;1710;14084;74
2;1711;1730;15
2;1712;30854;177
2;1713;35400;315
2;1714;31454;157
3;1715;48923;305
3;1716;67935;334
3;1717;32842;225
3;1718;41803;275
3;1719;37625;221
3;1720;46445;324
3;1721;55841;288
3;1722;16931;169
3;1723;50315;427
3;1724;118;1
3;1725;44732;390
3;1726;43341;296
3;1727;45985;492
3;1728;41810;338
3;1729;47745;335
3;1730;43231;314
3;1731;62335;385
3;1732;49542;384
3;1733;56779;302
3;1734;39360;227
3;1735;69188;370
3;1736;39154;218
3;1737;34218;250
3;1738;33821;216
3;1739;147;3
3;1740;42306;273
3;1741;256;1
3;1742;46357;332
3;1743;58822;292
3;1744;31089;245
3;1745;40476;356
3;1746;50687;347
3;1747;55544;484
3;1748;60673;419
3;1749;51345;504
3;1750;40123;321
3;1751;176;2
3;1752;48876;361
3;1753;53464;287
3;1754;42500;292
3;1755;49242;268
3;1756;31965;193
3;1757;32913;169
3;1758;41377;286
3;1759;72005;359
3;1760;51493;269
3;1761;36981;251
3;1762;57047;315
3;1763;45132;257
3;1764;146;4
3;1765;44664;323
3;1766;46891;222
3;1767;27927;215
3;1768;885;8
3;1769;51564;317
3;1770;53842;476
3;1771;50486;384
3;1772;35972;320
3;1773;42618;391
3;1774;45787;338
3;1775;42031;202
3;1776;39562;277
3;1777;41642;222
3;1778;36360;249
3;1779;43031;240
3;1780;45789;256
3;1781;52553;242
3;1782;46514;274
3;1783;36105;206
3;1784;46291;310
3;1785;58712;339
3;1786;50264;301
3;1787;54;1
3;1788;38129;300
3;1789;3356;19
3;1790;480;4
3;1791;42856;351
3;1792;48543;292
3;1793;58439;487
3;1794;35800;293
3;1795;50256;368
3;1796;52222;402
3;1797;45541;333
3;1798;35208;179
3;1799;32723;245
3;1800;44985;271
3;1801;46785;268
3;1802;35491;191
3;1803;38946;226
3;1804;597;3
3;1805;42904;287
3;1806;47961;257
3;1807;51473;309
3;1808;83;2
3;1809;279;1
3;1810;68337;386
3;1811;30170;252
3;1812;47633;403
3;1813;51856;342
3;1814;55201;438
3;1815;300;1
3;1816;41026;396
3;1817;54246;382
3;1818;54929;448
3;1819;49280;365
3;1820;29224;150
3;1821;48260;240
3;1822;49698;260
3;1823;62725;332
3;1824;1995;9
3;1825;68940;324
3;1826;1740;8
3;1827;39929;223
3;1828;42947;278
3;1829;49450;282
3;1830;55767;344
3;1831;42840;333
3;1832;58700;292
3;1833;30938;276
3;1834;50391;409
3;1835;55873;389
3;1836;39813;339
3;1837;43145;326
3;1838;53097;549
3;1839;52759;332
3;1840;54253;438
3;1841;35737;222
3;1842;41979;295
3;1843;55667;280
3;1844;50344;287
3;1845;45093;227
3;1846;43552;264
3;1847;57866;281
3;1848;47208;248
3;1849;73179;402
3;1850;49737;326
3;1851;9079;48
3;1852;35270;253
3;1853;1190;4
3;1854;42282;309
3;1855;55933;262
3;1856;30765;302
3;1857;58550;493
3;1858;43690;274
3;1859;200;1
3;1860;47263;424
3;1861;47408;526
3;1862;49953;330
3;1863;41594;351
3;1864;280;2
3;1865;49676;270
3;1866;52229;349
3;1867;51837;252
3;1868;36392;188
3;1869;41798;256
3;1870;33357;187
3;1871;52074;290
3;1872;84442;522
3;1873;41529;282
3;1874;59969;316
3;1875;48140;388
3;1876;49511;228
3;1877;34277;323
3;1878;40539;361
3;1879;1450;8
3;1880;54752;480
3;1881;45770;394
3;1882;46993;490
3;1883;50870;364
3;1884;35073;279
3;1885;52512;360
3;1886;58080;304
3;1887;46078;309
3;1888;58867;284
3;1889;569;5
3;1890;56932;280
3;1891;52435;341
3;1892;27906;166
3;1893;45246;270
3;1894;69501;405
3;1895;47490;323
3;1896;2604;15
3;1897;44430;331
3;1898;61969;380
3;1899;42296;368
3;1900;2548;13
3;1901;25241;255
3;1902;39676;310
3;1903;54974;323
3;1904;64667;552
3;1905;48095;471
3;1906;42502;399
3;1907;12129;108
3;1908;51985;379
3;1909;61095;295
3;1910;40531;266
3;1911;54582;255
3;1912;44056;249
3;1913;52798;276
3;1914;53724;328
3;1915;35834;197
3;1916;50129;316
3;1917;61018;359
3;1918;48433;281
3;1919;49973;327
3;1920;63400;290
3;1921;49064;386
3;1922;2059;10
3;1923;366;4
3;1924;46131;303
3;1925;56901;538
3;1926;37140;415
3;1927;17429;171
3;1928;1249;14
3;1929;49876;327
3;1930;47782;347
3;1931;60883;280
3;1932;44275;320
3;1933;40200;208
3;1934;41094;258
3;1935;51228;269
3;1936;46708;304
3;1937;38246;207
3;1938;44412;297
3;1939;49923;293
3;1940;43511;302
3;1941;55724;303
3;1942;48284;333
3;1943;77840;393
3;1944;42843;357
3;1945;1424;5
3;1946;60;1
3;1947;33585;318
3;1948;47982;292
3;1949;55091;496
3;1950;449;3
3;1951;77600;632
3;1952;54478;361
3;1953;54958;358
3;1954;60620;293
3;1955;32291;209
3;1956;53506;305
3;1957;52816;281
3;1958;25424;176
3;1959;387;1
3;1960;43980;244
3;1961;38611;261
3;1962;58473;331
3;1963;54269;371
3;1964;74564;406
3;1965;59682;289
3;1966;29736;342
3;1967;41162;358
3;1968;52347;299
3;1969;58356;504
3;1970;60;1
3;1971;47085;490
3;1972;60920;496
3;1973;58360;406
3;1974;58295;381
3;1975;47191;252
3;1976;736;3
3;1977;59414;296
3;1978;53864;311
3;1979;50480;294
3;1980;58017;285
3;1981;73468;450
3;1982;41508;264
3;1983;60857;324
3;1984;44213;277
3;1985;46615;237
3;1986;46615;366
3;1987;54922;248
3;1988;41881;363
3;1989;48790;382
3;1990;46196;291
3;1991;44554;350
3;1992;43096;413
3;1993;60774;635
3;1994;47014;417
3;1995;53316;320
3;1996;37137;228
3;1997;41817;255
3;1998;55331;271
3;1999;51183;344
3;2000;48092;255
3;2001;41665;226
3;2002;62164;335
3;2003;41038;230
3;2004;70599;394
3;2005;50838;280
3;2006;63309;336
3;2007;33198;218
3;2008;286;1
3;2009;44215;344
3;2010;63111;302
3;2011;46188;424
3;2012;52981;417
3;2013;34772;243
3;2014;50208;457
3;2015;69943;776
3;2016;55137;417
3;2017;41556;277
3;2018;1430;8
3;2019;48184;296
3;2020;63045;294
3;2021;40076;235
3;2022;47536;272
3;2023;64528;307
3;2024;52822;297
3;2025;66291;438
3;2026;11254;61
3;2027;46587;235
3;2028;59243;316
3;2029;33944;293
3;2030;63893;282
3;2031;40294;378
3;2032;41391;362
3;2033;658;5
3;2034;60596;511
3;2035;47675;444
3;2036;58631;666
3;2037;47581;384
3;2038;41626;295
3;2039;340;2
3;2040;47501;292
3;2041;58732;299
3;2042;1892;13
3;2043;47911;252
3;2044;44202;242
3;2045;57925;304
3;2046;47588;273
3;2047;56835;317
3;2048;2855;16
3;2049;42811;287
3;2050;53175;294
3;2051;36193;302
3;2052;71644;334
3;2053;42984;396
3;2054;36408;347
3;2055;50137;310
3;2056;55674;462
3;2057;52977;493
3;2058;56414;613
3;2059;33711;259
3;2060;44664;318
3;2061;63570;347
3;2062;38978;232
3;2063;58006;320
3;2064;41651;282
3;2065;49284;271
3;2066;36343;189
3;2067;58697;323
3;2068;53436;315
3;2069;63368;320
3;2070;48068;260
3;2071;47236;282
3;2072;58473;334
3;2073;34744;291
3;2074;58754;288
3;2075;29488;302
3;2076;53678;368
3;2077;47608;369
3;2078;56612;446
3;2079;40070;465
3;2080;45758;296
3;2081;60764;437
3;2082;71698;439
3;2083;56532;315
3;2084;45647;232
3;2085;40698;249
3;2086;53936;275
3;2087;41661;227
3;2088;40520;208
3;2089;46890;299
3;2090;49902;258
3;2091;46801;294
3;2092;47633;242
3;2093;48585;296
3;2094;61444;295
3;2095;5705;58
3;2096;3880;17
3;2097;54482;443
3;2098;54776;344
3;2099;52378;430
3;2100;32437;252
3;2101;38004;289
3;2102;56146;395
3;2103;53754;368
3;2104;67942;380
3;2105;42490;244
3;2106;47509;290
3;2107;61202;303
3;2108;39918;200
3;2109;39263;229
3;2110;1756;8
3;2111;51248;360
3;2112;43623;262
3;2113;54942;339
3;2114;58926;315
3;2115;64474;301
3;2116;37843;369
3;2117;53461;413
3;2118;48863;366
3;2119;50463;480
3;2120;968;11
3;2121;44626;522
3;2122;41851;344
3;2123;57185;357
3;2124;47839;353
3;2125;50088;296
3;2126;57169;285
3;2127;49874;300
3;2128;65846;326
3;2129;963;4
3;2130;62579;329
3;2131;61421;369
3;2132;43382;243
3;2133;39858;272
3;2134;47549;263
3;2135;41006;343
3;2136;57784;323
3;2137;37580;340
3;2138;55574;458
3;2139;46372;370
3;2140;37734;347
3;2141;43129;372
3;2142;53208;594
3;2143;42175;331
3;2144;60503;390
3;2145;37795;251
3;2146;47987;310
3;2147;45947;241
3;2148;40233;256
3;2149;50649;235
3;2150;41662;227
3;2151;540;2
3;2152;35814;228
3;2153;61722;326
3;2154;50768;333
3;2155;49537;254
3;2156;31180;201
3;2157;51386;462
3;2158;61241;309
3;2159;42379;314
3;2160;51044;439
3;2161;36259;284
3;2162;44589;384
3;2163;48640;503
3;2164;44243;300
3;2165;52015;331
3;2166;63483;333
3;2167;44429;279
3;2168;11003;65
3;2169;34138;214
3;2170;46073;284
3;2171;61874;291
3;2172;52252;314
3;2173;60597;304
3;2174;43619;304
3;2175;39593;222
3;2176;61466;301
3;2177;49409;415
3;2178;51931;259
3;2179;52156;354
3;2180;52151;436
3;2181;587;4
3;2182;55636;482
3;2183;57203;431
3;2184;49143;474
3;2185;50861;411
3;2186;42934;254
3;2187;48320;345
3;2188;49836;274
3;2189;53774;310
3;2190;832;5
3;2191;64809;305
3;2192;43287;285
3;2193;64895;350
3;2194;43305;284
3;2195;59270;365
3;2196;36391;241
3;2197;1430;6
3;2198;28676;195
3;2199;46711;268
3;2200;42842;368
3;2201;67987;342
3;2202;48818;378
3;2203;39910;336
3;2204;45973;316
3;2205;58727;534
3;2206;47598;414
3;2207;61155;664
3;2208;37318;269
3;2209;44835;311
3;2210;59999;279
3;2211;40562;241
3;2212;1587;15
3;2213;39901;259
3;2214;59851;328
3;2215;47807;258
3;2216;53120;290
3;2217;42314;279
3;2218;44899;272
3;2219;37001;201
3;2220;47995;332
3;2221;62428;329
3;2222;51497;446
3;2223;55321;250
3;2224;32820;261
3;2225;42612;282
3;2226;53945;482
3;2227;45741;444
3;2228;43884;375
3;2229;280;1
3;2230;55990;345
3;2231;52869;366
3;2232;52278;280
3;2233;3809;26
3;2234;58204;358
3;2235;51496;288
3;2236;47295;254
3;2237;32280;177
3;2238;43634;261
3;2239;42336;264
3;2240;47345;296
3;2241;54738;279
3;2242;50387;340
3;2243;64566;335
3;2244;42253;381
3;2245;1323;9
3;2246;1443;11
3;2247;51351;445
3;2248;43851;271
3;2249;43277;422
3;2250;38877;281
3;2251;58198;363
3;2252;49005;316
3;2253;43229;327
3;2254;59716;303
3;2255;49674;332
3;2256;50141;257
3;2257;37292;205
3;2258;54;1
3;2259;33889;204
3;2260;88;1
3;2261;53287;338
3;2262;54981;278
3;2263;58448;382
3;2264;68298;370
3;2265;56239;280
3;2266;45789;331
3;2267;48706;404
3;2268;49285;347
3;2269;46687;457
3;2270;1766;12
3;2271;45345;401
3;2272;40401;257
3;2273;46229;277
3;2274;55585;360
3;2275;33345;175
3;2276;897;12
3;2277;41503;279
3;2278;55217;285
3;2279;45334;236
3;2280;57692;315
3;2281;57260;349
3;2282;55895;283
3;2283;53608;393
3;2284;57093;280
3;2285;39703;376
3;2286;66896;336
3;2287;45247;308
3;2288;46309;379
3;2289;48319;331
3;2290;30588;321
3;2291;46771;350
3;2292;52066;378
3;2293;55257;332
3;2294;50450;297
3;2295;38923;285
3;2296;1890;14
3;2297;39269;255
3;2298;61498;295
3;2299;34550;196
3;2300;48312;303
3;2301;55805;340
3;2302;55237;322
3;2303;43646;255
3;2304;45549;314
3;2305;1420;7
3;2306;41696;366
3;2307;65837;332
3;2308;55615;346
3;2309;44063;382
3;2310;41614;274
3;2311;198;1
3;2312;64443;536
3;2313;52296;401
3;2314;39090;240
3;2315;51990;334
3;2316;50458;249
3;2317;263;4
3;2318;29610;204
3;2319;44288;291
3;2320;57377;359
3;2321;50450;312
3;2322;28919;160
3;2323;69641;374
3;2324;46705;399
3;2325;66931;356
3;2326;53814;375
3;2327;50311;427
3;2328;35728;355
3;2329;45361;464
3;2330;57887;462
3;2331;50090;295
3;2332;40827;300
3;2333;49788;375
3;2334;82094;428
3;2335;728;6
3;2336;74267;361
3;2337;42279;260
3;2338;60643;365
3;2339;32652;222
3;2340;48154;337
3;2341;69970;393
3;2342;44629;402
3;2343;57005;301
3;2344;48622;344
3;2345;37465;319
3;2346;52972;445
3;2347;48468;409
3;2348;53533;410
3;2349;39067;333
3;2350;38669;246
3;2351;49577;347
3;2352;63691;340
3;2353;2760;18
3;2354;46529;330
3;2355;74978;347
3;2356;41340;284
3;2357;65150;381
3;2358;50165;336
3;2359;66184;366
3;2360;38026;228
3;2361;51195;374
3;2362;52747;469
3;2363;53512;330
4;2364;15951;87
4;2365;13347;67
4;2366;13882;88
4;2367;15906;107
4;2368;10321;51
4;2369;1704;7
4;2370;12015;85
4;2371;21847;98
4;2372;5945;54
4;2373;14845;131
4;2374;14488;127
4;2375;18394;119
4;2376;14288;175
4;2377;18074;118
4;2378;11951;96
4;2379;12428;93
4;2380;13948;70
4;2381;13319;93
4;2382;18421;83
4;2383;16614;97
4;2384;14642;66
4;2385;6880;38
4;2386;14202;87
4;2387;13086;80
4;2388;14948;84
4;2389;8510;36
4;2390;14661;102
4;2391;21859;101
4;2392;10588;73
4;2393;8014;70
4;2394;11634;81
4;2395;13811;138
4;2396;18678;128
4;2397;17380;214
4;2398;12795;92
4;2399;16819;114
4;2400;12177;67
4;2401;14011;93
4;2402;15940;74
4;2403;10496;58
4;2404;13550;71
4;2405;19422;96
4;2406;16149;87
4;2407;12683;75
4;2408;16834;101
4;2409;14634;68
4;2410;14500;75
4;2411;4937;30
4;2412;11060;81
4;2413;17046;89
4;2414;9133;74
4;2415;13912;83
4;2416;15107;130
4;2417;16954;138
4;2418;16030;174
4;2419;16879;110
4;2420;14701;94
4;2421;14740;87
4;2422;13692;95
4;2423;13433;61
4;2424;10689;70
4;2425;13764;75
4;2426;16054;81
4;2427;12003;56
4;2428;17664;85
4;2429;14744;89
4;2430;13324;85
4;2431;13541;68
4;2432;16546;105
4;2433;6813;34
4;2434;8822;59
4;2435;10980;89
4;2436;14761;87
4;2437;14697;127
4;2438;13919;114
4;2439;12922;99
4;2440;13230;81
4;2441;16758;116
4;2442;16584;81
4;2443;11866;85
4;2444;13328;78
4;2445;12584;77
4;2446;11971;69
4;2447;12707;67
4;2448;12711;78
4;2449;16173;74
4;2450;15483;91
4;2451;5035;31
4;2452;23168;106
4;2453;10081;83
4;2454;12840;91
4;2455;17870;114
4;2456;18335;153
4;2457;17299;209
4;2458;16059;108
4;2459;16081;103
4;2460;14543;93
4;2461;13828;68
4;2462;13718;58
4;2463;12546;66
4;2464;16350;86
4;2465;16910;84
4;2466;21428;135
4;2467;14566;81
4;2468;17537;89
4;2469;12835;86
4;2470;1482;9
4;2471;13241;98
4;2472;22196;96
4;2473;10071;89
4;2474;12763;99
4;2475;10078;65
4;2476;13132;112
4;2477;12396;142
4;2478;11704;124
4;2479;13942;88
4;2480;15675;108
4;2481;13513;83
4;2482;13352;98
4;2483;14924;64
4;2484;13553;73
4;2485;13843;65
4;2486;13392;92
4;2487;16825;100
4;2488;13369;76
4;2489;18064;107
4;2490;14939;87
4;2491;4450;20
4;2492;9586;69
4;2493;2847;12
4;2494;12381;91
4;2495;19494;82
4;2496;10674;99
4;2497;14937;128
4;2498;15213;81
4;2499;13668;140
4;2500;14761;148
4;2501;15966;132
4;2502;11943;75
4;2503;17638;93
4;2504;15636;106
4;2505;18641;74
4;2506;13017;67
4;2507;14616;89
4;2508;16898;81
4;2509;15622;87
4;2510;21132;126
4;2511;15495;98
4;2512;406;2
4;2513;16094;81
4;2514;13113;98
4;2515;13444;59
4;2516;12547;118
4;2517;14471;99
4;2518;14508;121
4;2519;12643;146
4;2520;14664;163
4;2521;13973;123
4;2522;13743;82
4;2523;13664;93
4;2524;19818;88
4;2525;15651;97
4;2526;15670;74
4;2527;14125;78
4;2528;15521;89
4;2529;15685;85
4;2530;15235;99
4;2531;19113;116
4;2532;14100;91
4;2533;9629;57
4;2534;19532;86
4;2535;12608;94
4;2536;13273;70
4;2537;7479;79
4;2538;12475;106
4;2539;13317;88
4;2540;15087;127
4;2541;13610;135
4;2542;13666;167
4;2543;2333;21
4;2544;15902;109
4;2545;20759;107
4;2546;13607;92
4;2547;10864;55
4;2548;14375;91
4;2549;17269;83
4;2550;15579;90
4;2551;13846;75
4;2552;14554;83
4;2553;19332;116
4;2554;14762;80
4;2555;14516;101
4;2556;17161;77
4;2557;13571;99
4;2558;14433;73
4;2559;11901;82
4;2560;15577;131
4;2561;9906;113
4;2562;3565;28
4;2563;13862;80
4;2564;15824;98
4;2565;18409;94
4;2566;15580;93
4;2567;12476;64
4;2568;16282;87
4;2569;17119;83
4;2570;11296;71
4;2571;10835;51
4;2572;18954;94
4;2573;15853;93
4;2574;12495;84
4;2575;14633;82
4;2576;13922;94
4;2577;20387;91
4;2578;13801;96
4;2579;12843;110
4;2580;12781;90
4;2581;17390;146
4;2582;22049;195
4;2583;14049;86
4;2584;14318;83
4;2585;20411;100
4;2586;14472;82
4;2587;13157;82
4;2588;17321;86
4;2589;11864;54
4;2590;13355;74
4;2591;13035;87
4;2592;13736;70
4;2593;17634;115
4;2594;19164;85
4;2595;17624;77
4;2596;10918;111
4;2597;12383;99
4;2598;11726;81
4;2599;18029;158
4;2600;15960;156
4;2601;15235;125
4;2602;17498;95
4;2603;18396;110
4;2604;15017;71
4;2605;12384;69
4;2606;13859;84
4;2607;14293;69
4;2608;15397;85
4;2609;17687;116
4;2610;13697;89
4;2611;18713;98
4;2612;14396;93
4;2613;13390;67
4;2614;11089;88
4;2615;24099;111
4;2616;13877;129
4;2617;12907;93
4;2618;11786;93
4;2619;13267;109
4;2620;10405;98
4;2621;15972;196
4;2622;17097;116
4;2623;16090;103
4;2624;14110;81
4;2625;14292;101
4;2626;13206;71
4;2627;12046;72
4;2628;11836;57
4;2629;13968;67
4;2630;8947;54
4;2631;13957;81
4;2632;20190;104
4;2633;14374;92
4;2634;19609;98
4;2635;8397;55
4;2636;13994;107
4;2637;22424;108
4;2638;13643;106
4;2639;12960;101
4;2640;10497;63
4;2641;13279;119
4;2642;16991;170
4;2643;12752;105
4;2644;16502;102
4;2645;14082;95
4;2646;15978;78
4;2647;12389;78
4;2648;14816;64
4;2649;15025;84
4;2650;14382;78
4;2651;19171;96
4;2652;4587;30
4;2653;13404;67
4;2654;15874;70
4;2655;15856;126
4;2656;23260;108
4;2657;14012;122
4;2658;15238;123
4;2659;16435;131
4;2660;14774;117
4;2661;15762;149
4;2662;10988;99
4;2663;3810;15
4;2664;12794;85
4;2665;16378;105
4;2666;13730;75
4;2667;14840;78
4;2668;14024;71
4;2669;15726;79
4;2670;17171;99
4;2671;22929;114
4;2672;1729;9
4;2673;1158;4
4;2674;14309;88
4;2675;18708;84
4;2676;14985;129
4;2677;22327;105
4;2678;13528;114
4;2679;12178;89
4;2680;11979;84
4;2681;11040;98
4;2682;14019;129
4;2683;14927;152
4;2684;10047;78
4;2685;12005;67
4;2686;18760;104
4;2687;18839;99
4;2688;10943;57
4;2689;13339;82
4;2690;14420;67
4;2691;11780;67
4;2692;16041;79
4;2693;17076;98
4;2694;21278;104
4;2695;11317;56
4;2696;16201;91
4;2697;18335;76
4;2698;11736;90
4;2699;19642;79
4;2700;14690;109
4;2701;16838;116
4;2702;12735;111
4;2703;13984;137
4;2704;13498;124
4;2705;17035;93
4;2706;17700;119
4;2707;19039;99
4;2708;14930;91
4;2709;5653;31
4;2710;13022;72
4;2711;19109;85
4;2712;17534;78
4;2713;12487;61
4;2714;17113;98
4;2715;13120;56
4;2716;15877;110
4;2717;20098;95
4;2718;16402;91
4;2719;20660;89
4;2720;3001;22
4;2721;500;2
4;2722;14158;101
4;2723;11766;85
4;2724;14933;126
4;2725;11358;104
4;2726;11368;104
4;2727;19724;114
4;2728;15837;97
4;2729;17849;96
4;2730;13851;87
4;2731;13278;76
4;2732;16395;73
4;2733;12494;67
4;2734;11886;71
4;2735;17129;108
4;2736;11631;65
4;2737;13806;94
4;2738;14493;73
4;2739;19646;94
4;2740;10692;82
4;2741;10973;84
4;2742;13160;98
4;2743;16022;135
4;2744;16992;163
4;2745;12456;108
4;2746;20106;123
4;2747;16091;111
4;2748;13092;71
4;2749;10005;50
4;2750;14425;85
4;2751;17051;74
4;2752;797;5
4;2753;16309;93
4;2754;15488;97
4;2755;16289;79
4;2756;11754;81
4;2757;16380;78
4;2758;10635;93
4;2759;21634;101
4;2760;15110;114
4;2761;15175;122
4;2762;13330;99
4;2763;11871;100
4;2764;10370;99
4;2765;15378;137
4;2766;14703;106
4;2767;19934;108
4;2768;14667;97
4;2769;12065;72
4;2770;14792;74
4;2771;12290;78
4;2772;13071;56
4;2773;12000;71
4;2774;479;2
4;2775;14968;86
4;2776;17555;93
4;2777;13073;85
4;2778;15054;73
4;2779;6507;43
4;2780;1020;5
4;2781;9944;87
4;2782;16603;78
4;2783;13045;83
4;2784;13350;108
4;2785;13509;108
4;2786;15654;109
4;2787;16260;133
4;2788;14147;95
4;2789;19902;105
4;2790;15390;79
4;2791;15403;89
4;2792;3444;17
4;2793;9629;56
4;2794;12820;77
4;2795;17383;78
4;2796;13827;87
4;2797;15590;75
4;2798;14606;98
4;2799;7819;36
4;2800;13728;69
4;2801;12226;101
4;2802;16941;76
4;2803;17459;108
4;2804;16271;127
4;2805;12915;114
4;2806;15803;132
4;2807;13691;134
4;2808;15693;107
4;2809;16176;81
4;2810;14420;92
4;2811;14659;64
4;2812;15704;83
4;2813;4132;20
4;2814;18079;82
4;2815;12496;67
4;2816;13763;82
4;2817;15651;90
4;2818;15094;71
4;2819;11229;75
4;2820;13119;90
4;2821;15334;78
4;2822;10630;93
4;2823;17870;84
4;2824;14819;99
4;2825;14611;122
4;2826;13836;95
4;2827;13883;121
4;2828;13195;136
4;2829;14263;144
4;2830;12177;75
4;2831;17832;103
4;2832;18375;86
4;2833;12683;65
4;2834;3435;15
4;2835;11129;61
4;2836;19908;87
4;2837;13519;67
4;2838;11032;62
4;2839;13396;78
4;2840;17131;87
4;2841;15737;80
4;2842;15873;105
4;2843;19885;97
4;2844;14154;119
4;2845;16308;74
4;2846;12783;98
4;2847;11707;73
4;2848;13524;130
4;2849;14950;145
4;2850;10762;97
4;2851;21783;120
4;2852;15302;103
4;2853;17919;83
4;2854;2811;18
4;2855;17879;100
4;2856;15666;70
4;2857;15047;73
4;2858;12404;61
4;2859;16382;95
4;2860;14342;73
4;2861;15993;102
4;2862;12738;57
4;2863;15136;107
4;2864;20241;102
4;2865;8880;76
4;2866;15179;129
4;2867;12238;94
4;2868;15188;154
4;2869;12688;91
4;2870;15573;103
4;2871;16325;83
4;2872;12402;87
4;2873;18950;92
4;2874;13822;79
4;2875;13249;55
4;2876;9234;52
4;2877;386;2
4;2878;13213;72
4;2879;16175;104
4;2880;19967;97
4;2881;15027;98
4;2882;21962;103
4;2883;14150;74
4;2884;13693;90
4;2885;13822;109
4;2886;13022;89
4;2887;18248;187
4;2888;14684;136
4;2889;16197;97
4;2890;18838;88
4;2891;16199;113
4;2892;16407;76
4;2893;6105;24
4;2894;13144;88
4;2895;15589;63
4;2896;13000;73
4;2897;16371;96
4;2898;18583;104
4;2899;15857;81
4;2900;14925;109
4;2901;15584;77
4;2902;12547;102
4;2903;17791;82
4;2904;16361;99
4;2905;17759;138
4;2906;14437;102
4;2907;13169;132
4;2908;13126;119
4;2909;12898;113
4;2910;16144;88
4;2911;18953;99
4;2912;13172;90
4;2913;4992;21
4;2914;16025;102
4;2915;14084;61
4;2916;9711;65
4;2917;14750;92
4;2918;14935;80
4;2919;17357;97
4;2920;11177;64
4;2921;12770;83
4;2922;1582;6
4;2923;12294;110
4;2924;17529;94
4;2925;17386;108
4;2926;17870;151
4;2927;13322;101
4;2928;17484;131
4;2929;12792;94
4;2930;15015;89
4;2931;18726;92
4;2932;14466;67
4;2933;3633;19
4;2934;12723;79
4;2935;14965;83
4;2936;15058;78
4;2937;15993;100
4;2938;15627;74
4;2939;17451;90
4;2940;12841;105
4;2941;11658;55
4;2942;18680;106
4;2943;14272;109
4;2944;14887;145
4;2945;14120;104
4;2946;15713;110
4;2947;14957;93
4;2948;16002;72
4;2949;11067;74
4;2950;12309;58
4;2951;5391;26
4;2952;12906;59
4;2953;13416;91
4;2954;12835;65
4;2955;13912;76
4;2956;1850;7
4;2957;14873;94
4;2958;20316;105
4;2959;14118;118
4;2960;15033;73
4;2961;14110;92
4;2962;12651;113
4;2963;11984;89
4;2964;11245;139
4;2965;15302;113
4;2966;15895;112
4;2967;12138;81
4;2968;11630;81
4;2969;12301;56
4;2970;5457;26
4;2971;15199;105
4;2972;16184;74
4;2973;11602;75
4;2974;14787;80
4;2975;15841;97
4;2976;16752;85
4;2977;14461;74
4;2978;1687;13
4;2979;16886;113
4;2980;14001;173
4;2981;17054;94
5;2982;87695;687
5;2983;94837;786
5;2984;88698;629
5;2985;68372;557
5;2986;56874;544
5;2987;59188;776
5;2988;92707;636
5;2989;14468;161
5;2990;58453;715
5;2991;68282;746
5;2992;78964;617
5;2993;72856;810
5;2994;72608;822
5;2995;49436;692
5;2996;73484;738
5;2997;53912;513
5;2998;89156;806
5;2999;86266;603
5;3000;87995;713
5;3001;74762;596
5;3002;65780;556
5;3003;80571;624
5;3004;51440;442
5;3005;9480;72
5;3006;65692;688
5;3007;14404;146
5;3008;56368;653
5;3009;90667;720
5;3010;16739;157
5;3011;44883;550
5;3012;73205;687
5;3013;70234;828
5;3014;83374;655
5;3015;71724;885
5;3016;42908;393
5;3017;57810;447
5;3018;57943;438
5;3019;75681;688
5;3020;61166;464
5;3021;91393;655
5;3022;37934;209
5;3023;86862;785
5;3024;76597;619
5;3025;85937;552
5;3026;72112;721
5;3027;75184;715
5;3028;70290;657
5;3029;9300;125
5;3030;65189;546
5;3031;67387;575
5;3032;9113;102
5;3033;69006;612
5;3034;68514;774
5;3035;79075;619
5;3036;52442;588
5;3037;59507;697
5;3038;68678;696
5;3039;74201;632
5;3040;81182;799
5;3041;76526;509
5;3042;88527;659
5;3043;68492;468
5;3044;71621;640
5;3045;59476;407
5;3046;86408;605
5;3047;59426;569
5;3048;80964;678
5;3049;82608;707
5;3050;64497;571
5;3051;8406;123
5;3052;62387;597
5;3053;9147;67
5;3054;57241;823
5;3055;72867;564
5;3056;57553;777
5;3057;53801;431
5;3058;79587;822
5;3059;72341;834
5;3060;83047;795
5;3061;67761;548
5;3062;59223;550
5;3063;871;5
5;3064;79780;632
5;3065;72432;549
5;3066;52611;534
5;3067;6511;27
5;3068;48091;337
5;3069;9443;60
5;3070;84618;658
5;3071;88330;679
5;3072;66390;612
5;3073;5953;90
5;3074;88698;694
5;3075;19633;224
5;3076;59493;754
5;3077;67418;524
5;3078;65641;780
5;3079;64844;747
5;3080;78262;676
5;3081;81968;746
5;3082;76163;697
5;3083;58336;409
5;3084;62569;417
5;3085;76769;667
5;3086;77645;615
5;3087;87960;558
5;3088;82781;682
5;3089;73413;613
5;3090;67750;517
5;3091;77960;672
5;3092;71539;680
5;3093;82876;627
5;3094;32009;312
5;3095;51045;752
5;3096;67461;533
5;3097;53960;635
5;3098;80124;688
5;3099;70357;861
5;3100;71407;748
5;3101;65548;737
5;3102;49223;429
5;3103;84701;773
5;3104;68640;549
5;3105;74898;682
5;3106;61140;454
5;3107;87642;690
5;3108;80493;542
5;3109;86632;613
5;3110;82286;894
5;3111;76919;693
5;3112;13285;83
5;3113;65366;468
5;3114;63298;690
5;3115;70094;501
5;3116;32564;328
5;3117;54717;610
5;3118;38275;397
5;3119;1039;9
5;3120;74811;655
5;3121;66675;817
5;3122;78124;760
5;3123;66500;668
5;3124;81408;523
5;3125;81408;761
5;3126;80503;648
5;3127;49586;422
5;3128;86903;716
5;3129;73594;611
5;3130;96468;678
5;3131;91953;847
5;3132;77924;683
5;3133;4112;46
5;3134;72517;595
5;3135;66072;670
5;3136;59500;401
5;3137;34332;349
5;3138;60169;602
5;3139;66373;734
5;3140;86250;724
5;3141;57280;789
5;3142;77025;777
5;3143;58920;595
5;3144;78480;742
5;3145;70096;584
5;3146;56091;482
5;3147;77670;584
5;3148;83764;677
5;3149;85979;732
5;3150;73339;543
5;3151;78201;627
5;3152;88236;867
5;3153;54267;546
5;3154;3192;28
5;3155;65560;523
5;3156;71687;546
5;3157;57139;657
5;3158;25071;125
5;3159;30977;364
5;3160;48090;533
5;3161;75516;605
5;3162;67485;850
5;3163;79592;746
5;3164;44309;582
5;3165;9836;72
5;3166;77557;700
5;3167;66447;491
5;3168;77238;657
5;3169;55950;327
5;3170;67517;641
5;3171;79606;558
5;3172;74394;632
5;3173;78788;519
5;3174;82283;659
5;3175;90079;804
5;3176;80543;562
5;3177;64334;573
5;3178;91664;619
5;3179;52417;732
5;3180;10865;65
5;3181;29366;295
5;3182;73335;599
5;3183;67271;864
5;3184;53293;555
5;3185;60967;736
5;3186;73351;637
5;3187;61977;581
5;3188;91232;736
5;3189;62960;405
5;3190;70803;632
5;3191;82796;582
5;3192;88251;713
5;3193;65355;464
5;3194;78400;690
5;3195;63674;494
5;3196;88126;821
5;3197;88018;630
5;3198;58138;452
5;3199;83683;577
5;3200;41725;489
5;3201;64244;719
5;3202;67685;542
5;3203;73287;820
5;3204;92610;871
5;3205;59358;687
5;3206;80909;781
5;3207;59930;553
5;3208;61090;460
5;3209;96;1
5;3210;74001;602
5;3211;85343;660
5;3212;69171;505
5;3213;18303;99
5;3214;50350;500
5;3215;11719;101
5;3216;73683;626
5;3217;75654;503
5;3218;80545;685
5;3219;89642;604
5;3220;82088;618
5;3221;40406;443
5;3222;68020;813
5;3223;76536;617
5;3224;69612;818
5;3225;70447;867
5;3226;76393;644
5;3227;61858;744
5;3228;75471;665
5;3229;44892;338
5;3230;80234;485
5;3231;71135;626
5;3232;87723;643
5;3233;71141;490
5;3234;87212;779
5;3235;79104;724
5;3236;83649;623
5;3237;71915;677
5;3238;54854;359
5;3239;54634;527
5;3240;81885;694
5;3241;36591;454
5;3242;64875;782
5;3243;77197;626
5;3244;51503;631
5;3245;69638;785
5;3246;68108;800
5;3247;84901;741
5;3248;77639;649
5;3249;49255;424
5;3250;90736;714
5;3251;97199;712
5;3252;63038;552
5;3253;65971;408
5;3254;91784;719
5;3255;93924;665
5;3256;95545;683
5;3257;79043;650
5;3258;70923;668
5;3259;85766;654
5;3260;52955;498
5;3261;53990;567
5;3262;98757;754
5;3263;52640;534
5;3264;65355;706
5;3265;46139;491
5;3266;74617;788
5;3267;75238;858
5;3268;79804;748
5;3269;58113;565
5;3270;88968;698
5;3271;72228;628
5;3272;51632;494
5;3273;5696;37
5;3274;81369;653
5;3275;85650;617
5;3276;81825;723
5;3277;78752;709
5;3278;8657;51
5;3279;66411;540
5;3280;77484;569
5;3281;55614;669
5;3282;96850;748
5;3283;46774;529
5;3284;71482;727
5;3285;71777;731
5;3286;82449;841
5;3287;75816;927
5;3288;79373;770
5;3289;52572;435
5;3290;288;1
5;3291;79419;653
5;3292;72727;595
5;3293;90442;635
5;3294;86779;674
5;3295;75287;591
5;3296;83085;691
5;3297;87557;773
5;3298;84933;770
5;3299;49472;600
5;3300;52684;652
5;3301;86889;692
5;3302;56921;612
5;3303;42075;530
5;3304;81036;695
5;3305;68861;774
5;3306;80899;822
5;3307;74429;804
5;3308;47164;485
5;3309;81374;646
5;3310;64166;467
5;3311;91710;824
5;3312;69879;636
5;3313;82488;753
5;3314;89808;670
5;3315;83328;764
5;3316;79695;555
5;3317;81254;673
5;3318;82397;769
5;3319;84195;647
5;3320;78178;652
5;3321;75874;627
5;3322;40931;466
5;3323;58368;523
5;3324;43264;458
5;3325;139;1
5;3326;74491;678
5;3327;68307;756
5;3328;79207;820
5;3329;53974;698
5;3330;64129;610
5;3331;84196;677
5;3332;68790;502
5;3333;75109;660
5;3334;64159;520
5;3335;75196;612
5;3336;85489;634
5;3337;86256;749
5;3338;72721;545
5;3339;80837;634
5;3340;56479;488
5;3341;68336;530
5;3342;84204;586
5;3343;70838;687
5;3344;78736;536
5;3345;4254;38
5;3346;11527;97
5;3347;607;5
5;3348;62909;738
5;3349;78684;692
5;3350;68256;759
5;3351;52967;600
5;3352;82348;726
5;3353;73558;666
5;3354;90774;752
5;3355;69600;539
5;3356;51077;464
5;3357;15661;86
5;3358;94191;766
5;3359;80474;670
5;3360;60628;474
5;3361;16613;100
5;3362;59280;484
5;3363;4368;54
5;3364;74574;636
5;3365;82770;608
5;3366;84937;674
5;3367;84300;665
5;3368;88584;664
5;3369;55653;654
5;3370;63567;711
5;3371;74368;617
5;3372;65194;677
5;3373;71794;919
5;3374;76718;794
5;3375;73689;709
5;3376;79862;709
5;3377;56064;465
5;3378;82422;695
5;3379;85532;631
5;3380;86274;630
5;3381;10571;60
5;3382;82643;701
5;3383;79615;690
5;3384;84634;690
5;3385;71285;599
5;3386;67715;506
5;3387;58198;628
5;3388;79719;598
5;3389;58582;594
5;3390;75170;828
5;3391;72582;611
5;3392;46919;586
5;3393;82078;878
5;3394;72048;1039
5;3395;78897;776
5;3396;71299;678
5;3397;35452;273
5;3398;83268;643
5;3399;84418;580
5;3400;83329;666
5;3401;63317;427
5;3402;79267;684
5;3403;13007;80
5;3404;95759;735
5;3405;75201;730
5;3406;86594;707
5;3407;77490;731
5;3408;53397;452
5;3409;54659;693
5;3410;86387;590
5;3411;53221;525
5;3412;67132;702
5;3413;39690;308
5;3414;85207;856
5;3415;77412;992
5;3416;82284;776
5;3417;69920;695
5;3418;67463;525
5;3419;68793;567
5;3420;24108;193
5;3421;53340;413
5;3422;6263;26
5;3423;75635;663
5;3424;103292;755
5;3425;90024;708
5;3426;79050;681
5;3427;83048;631
5;3428;63575;574
5;3429;94481;592
5;3430;62342;703
5;3431;77621;611
5;3432;51609;604
5;3433;62455;651
5;3434;63184;761
5;3435;78896;805
5;3436;77627;1033
5;3437;76191;699
5;3438;56646;510
5;3439;81074;671
5;3440;66033;621
5;3441;65406;608
5;3442;51718;365
5;3443;85499;618
5;3444;73691;582
5;3445;87444;586
5;3446;85471;679
5;3447;81126;704
5;3448;62608;543
5;3449;7136;58
5;3450;72871;614
5;3451;89370;623
5;3452;59411;715
5;3453;99504;587
5;3454;66630;647
5;3455;52318;556
5;3456;80373;631
5;3457;68314;858
5;3458;82235;761
5;3459;71456;910
5;3460;46812;446
5;3461;88626;686
5;3462;67646;521
5;3463;58031;549
5;3464;72363;445
5;3465;89012;673
5;3466;87887;568
5;3467;82343;633
5;3468;81284;619
5;3469;90345;677
5;3470;85393;718
5;3471;82413;631
5;3472;80509;683
5;3473;89042;625
5;3474;59621;756
5;3475;73383;474
5;3476;46451;456
5;3477;75833;585
5;3478;70064;813
5;3479;81948;703
5;3480;54549;660
5;3481;69638;637
5;3482;76620;735
5;3483;70924;614
5;3484;77594;613
5;3485;86454;548
5;3486;91634;634
5;3487;60847;460
5;3488;89111;747
5;3489;71003;540
5;3490;78213;675
5;3491;74208;650
5;3492;73283;693
5;3493;89051;606
5;3494;43870;514
5;3495;69850;759
5;3496;79596;669
5;3497;68793;780
5;3498;53113;514
5;3499;77724;768
5;3500;64825;637
5;3501;80407;716
5;3502;63977;504
5;3503;69747;604
5;3504;80837;502
5;3505;75439;535
5;3506;17156;107
5;3507;50603;461
5;3508;18568;103
5;3509;76690;696
5;3510;88024;759
5;3511;71560;684
5;3512;84147;646
5;3513;92010;625
5;3514;62537;549
5;3515;73886;772
5;3516;75458;631
5;3517;68343;774
5;3518;72896;847
5;3519;76512;705
5;3520;64128;744
5;3521;80878;701
5;3522;60319;396
5;3523;64319;495
5;3524;83955;634
5;3525;75647;623
5;3526;75729;613
5;3527;85156;752
5;3528;77570;654
5;3529;81512;669
5;3530;71143;644
5;3531;66729;518
5;3532;63678;702
5;3533;102167;611
5;3534;66711;569
5;3535;65618;684
5;3536;72685;578
5;3537;49727;562
5;3538;78792;798
5;3539;76840;905
5;3540;79845;730
5;3541;58997;713
5;3542;50623;468
5;3543;50589;466
5;3544;93662;749
5;3545;60110;441
5;3546;86718;747
5;3547;88206;737
5;3548;89252;793
5;3549;75384;690
5;3550;92072;689
5;3551;44105;407
5;3552;7328;69
5;3553;62034;728
5;3554;91811;653
5;3555;66257;601
5;3556;66618;745
5;3557;44683;371
5;3558;2427;25
5;3559;82124;830
5;3560;79757;949
5;3561;73108;676
5;3562;59019;662
5;3563;60577;439
5;3564;47106;547
5;3565;54374;506
5;3566;13113;63
5;3567;83842;703
5;3568;84647;737
5;3569;86314;720
5;3570;61387;537
5;3571;77821;667
5;3572;61359;726
5;3573;88320;657
5;3574;69143;571
5;3575;70766;733
5;3576;69630;837
5;3577;77259;766
5;3578;80404;1012
5;3579;66183;596
5;3580;39183;453
5;3581;88657;863
5;3582;75385;597
5;3583;41660;484
5;3584;74996;577
5;3585;78672;701
5;3586;87924;685
5;3587;60408;549
5;3588;84161;850
5;3589;89091;686
5;3590;59176;728
5;3591;87183;643
5;3592;71992;582
5;3593;42584;520
5;3594;80193;725
5;3595;61783;763
5;3596;82348;858
5;3597;76856;886
5;3598;42095;427
5;3599;82106;730
5;3600;69352;638
5;3601;42866;336
5;3602;88803;691
5;3603;77103;611
5;3604;83690;758
5;3605;81354;807
5;3606;68625;705
5;3607;83987;561
5;3608;43740;349
5;3609;76291;603
5;3610;66944;808
5;3611;58424;528
5;3612;300;1
